Model,MAE,RMSE,R²,MAPE,Sample_Size
global_model_rural,45.78102880290937,57.42900333778326,-0.07164682997609662,145.83800915978767,9
urban_model,67.45580851338364,74.35229416561884,-0.2596758003487747,254.78421953757726,11
global_model,61.2825861694884,70.2769579707995,-0.29021448849171416,217.0117555215299,20
global_model_urban,73.96567856032577,79.25459700647728,-0.43126141527216877,275.2448207265917,11
rural_model,56.59880446214349,68.15719118767272,-0.5094283200917917,157.55530097545613,9
