Model,MAE,RMSE,R²,MAPE
User Behavior Model (B),53.20557433755725,59.653534160650764,-0.10482565235381447,114.81898978967297
Fusion (Weighted Avg),56.28765259113612,65.55671600465764,-0.3343070241238808,140.99553648515598
Monolithic Baseline,60.33770988775653,70.88672635960023,-0.5600956772814607,144.18550018872926
Infrastructure Model (A),62.5552474261793,74.43161249164946,-0.7200308952791319,164.3025283990457
Fusion (Meta-learner),64.91339082166094,77.70369416643331,-0.8745832201156511,169.60908807221213
